City_ID,City,Country,Lat,Lng,Max Temp,Humidity,Cloudiness,Wind Speed,Current Description
0,Narsaq,GL,60.9167,-46.05,53.82,81,93,5.08,overcast clouds
1,Tuktoyaktuk,CA,69.4541,-133.0374,50.0,87,90,9.22,light rain
2,Hobart,AU,-42.8794,147.3294,43.27,89,75,6.91,light rain
3,Hanna,CA,51.6334,-111.9018,89.24,15,100,13.69,overcast clouds
4,Port Blair,IN,11.6667,92.75,81.59,83,99,21.05,overcast clouds
5,Chokurdakh,RU,70.6333,147.9167,45.34,57,51,7.81,broken clouds
6,Kirovskiy,RU,45.0917,133.5136,69.62,93,100,1.63,overcast clouds
7,Lebu,CL,-37.6167,-73.65,53.83,74,29,19.89,scattered clouds
8,Sitka,US,57.0531,-135.33,62.49,72,90,10.36,overcast clouds
9,Busselton,AU,-33.65,115.3333,54.1,76,100,7.31,overcast clouds
10,Tazovskiy,RU,67.4667,78.7,55.67,85,73,6.78,broken clouds
11,Punta Arenas,CL,-53.15,-70.9167,41.02,81,40,29.93,light intensity shower rain
12,Upernavik,GL,72.7868,-56.1549,46.98,67,14,1.88,few clouds
13,Sisimiut,GL,66.9395,-53.6735,46.87,94,99,5.5,light rain
14,Morant Bay,JM,17.8815,-76.4093,90.63,69,43,12.37,scattered clouds
15,Bairiki,KI,1.3292,172.9752,84.2,70,20,6.91,few clouds
16,Udachnyy,RU,66.4167,112.4,64.42,53,96,8.19,overcast clouds
17,Faanui,PF,-16.4833,-151.75,79.45,73,45,16.35,scattered clouds
18,Chifeng,CN,42.2683,118.9636,64.18,91,84,2.33,broken clouds
19,Kapaa,US,22.0752,-159.319,84.52,76,20,7.0,few clouds
20,Cayenne,GF,4.9333,-52.3333,84.24,78,52,1.01,broken clouds
21,Perelyub,RU,51.8667,50.3667,81.73,32,48,5.57,scattered clouds
22,Tiksi,RU,71.6872,128.8694,49.6,65,94,4.23,overcast clouds
23,Mahebourg,MU,-20.4081,57.7,59.29,88,20,8.05,few clouds
24,Cabo San Lucas,MX,22.8909,-109.9124,101.8,49,75,17.27,broken clouds
25,Provideniya,RU,64.3833,-173.3,51.91,82,90,13.42,moderate rain
26,Nikolskoye,RU,59.7035,30.7861,63.39,99,100,5.32,moderate rain
27,Hualmay,PE,-11.0964,-77.6139,67.6,72,8,10.27,clear sky
28,Jamestown,US,42.097,-79.2353,73.02,47,20,3.0,few clouds
29,Ugoofaaru,MV,5.6667,73.0,82.26,74,100,5.91,overcast clouds
30,Mitu,CO,1.1983,-70.1733,78.17,70,95,2.35,overcast clouds
31,Bambous Virieux,MU,-20.3428,57.7575,59.25,88,20,8.05,few clouds
32,Wangqing,CN,43.3218,129.7634,69.37,99,100,2.37,overcast clouds
33,Namatanai,PG,-3.6667,152.4333,79.21,82,24,6.46,few clouds
34,Port Alfred,ZA,-33.5906,26.891,58.3,80,46,20.62,scattered clouds
35,Cape Town,ZA,-33.9258,18.4232,57.11,92,0,2.3,fog
36,Avarua,CK,-21.2078,-159.775,77.05,88,90,9.22,light rain
37,San Cristobal,VE,7.7669,-72.225,82.58,88,100,6.49,overcast clouds
38,Sambava,MG,-14.2667,50.1667,68.86,88,14,9.33,few clouds
39,Yaan,NG,7.3833,8.5667,73.78,91,99,5.66,moderate rain
40,Krasnogvardeyskiy,RU,57.3793,62.3195,60.73,97,100,4.34,moderate rain
41,Beringovskiy,RU,63.05,179.3167,44.87,95,100,11.68,light rain
42,Oranjestad,AW,12.524,-70.027,85.95,70,20,26.46,few clouds
43,Merauke,ID,-8.4667,140.3333,72.63,83,74,11.07,broken clouds
44,Barranca De Upia,CO,4.5696,-72.9668,70.81,95,100,3.4,overcast clouds
45,Ilulissat,GL,69.2167,-51.1,60.82,39,75,9.22,broken clouds
46,Morgantown,US,39.6295,-79.9559,77.34,49,1,3.44,clear sky
47,Constitucion,CL,-35.3333,-72.4167,60.12,63,0,10.96,clear sky
48,Vaini,TO,-21.2,-175.2,73.56,73,40,12.66,scattered clouds
49,Hasaki,JP,35.7333,140.8333,81.0,90,99,10.49,overcast clouds
50,Barrow,US,71.2906,-156.7887,44.62,81,90,20.71,overcast clouds
51,Bethel,US,41.3712,-73.414,80.73,53,75,10.36,broken clouds
52,Hilo,US,19.7297,-155.09,80.33,76,90,5.75,light rain
53,Khatanga,RU,71.9667,102.5,62.94,64,74,9.95,broken clouds
54,Heihe,CN,50.2441,127.4902,59.58,96,100,5.17,heavy intensity rain
55,Luganville,VU,-15.5333,167.1667,72.39,67,99,5.64,overcast clouds
56,Axim,GH,4.8699,-2.2405,77.07,86,51,7.45,broken clouds
57,General Roca,AR,-39.0333,-67.5833,66.6,21,66,9.71,broken clouds
58,Khandbari,NP,27.3747,87.2039,72.16,91,95,1.54,overcast clouds
59,Roald,NO,62.5833,6.1333,54.0,76,75,10.36,broken clouds
60,Saskylakh,RU,71.9167,114.0833,62.38,71,23,5.57,few clouds
61,Nicoya,CR,10.1483,-85.452,76.55,81,100,4.65,overcast clouds
62,Knysna,ZA,-34.0363,23.0471,57.58,82,5,4.09,clear sky
63,Longyearbyen,SJ,78.2186,15.6401,46.24,76,75,19.57,light rain
64,Lubango,AO,-14.9172,13.4925,56.21,36,0,4.74,clear sky
65,Pangnirtung,CA,66.1451,-65.7125,48.2,93,75,14.97,broken clouds
66,Havelock,US,34.8791,-76.9013,83.93,87,90,10.36,overcast clouds
67,Castro,BR,-24.7911,-50.0119,53.31,81,0,2.8,clear sky
68,Glotovka,RU,53.9491,46.7042,69.73,63,24,6.58,few clouds
69,Tateyama,JP,34.9833,139.8667,81.1,84,79,10.29,broken clouds
70,Georgetown,MY,5.4112,100.3354,81.9,88,20,3.44,few clouds
71,Albany,US,42.6001,-73.9662,78.46,48,16,1.99,few clouds
72,Ostrovnoy,RU,68.0531,39.5131,53.65,93,65,6.53,broken clouds
73,Christchurch,NZ,-43.5333,172.6333,46.99,85,90,11.01,light rain
74,Ushtobe,KZ,45.2514,77.9838,75.16,21,100,8.77,overcast clouds
75,Barra Patuca,HN,15.8,-84.2833,82.71,83,66,11.79,broken clouds
76,Tuatapere,NZ,-46.1333,167.6833,43.83,84,99,4.34,overcast clouds
77,Tiarei,PF,-17.5333,-149.3333,82.42,73,96,14.38,overcast clouds
78,Businga,CD,3.3333,20.8833,70.25,93,92,1.63,overcast clouds
79,Asau,RO,46.4333,26.4,69.28,82,31,3.69,light rain
80,Guerrero Negro,MX,27.9769,-114.0611,85.19,45,14,11.88,few clouds
81,Iqaluit,CA,63.7506,-68.5145,51.53,93,75,4.0,fog
82,Guiratinga,BR,-16.3494,-53.7583,84.33,23,0,4.65,clear sky
83,Belmonte,BR,-15.8631,-38.8828,70.3,73,57,9.37,broken clouds
84,Sao Filipe,CV,14.8961,-24.4956,76.6,82,33,5.44,scattered clouds
85,Erenhot,CN,43.6475,111.9767,72.72,44,100,8.16,light rain
86,Qaanaaq,GL,77.484,-69.3632,45.28,66,100,4.38,overcast clouds
87,Santa Lucia,ES,27.9117,-15.5407,66.76,73,20,24.16,few clouds
88,Pacific Grove,US,36.6177,-121.9166,88.63,70,1,7.0,clear sky
89,Port Elizabeth,ZA,-33.918,25.5701,57.49,82,75,12.66,broken clouds
90,Tete,MZ,-16.1564,33.5867,64.49,52,0,0.0,clear sky
91,Esperance,AU,-33.8667,121.9,46.24,83,100,10.63,overcast clouds
92,Sindgi,IN,16.9167,76.2333,72.91,82,100,17.22,overcast clouds
93,Antofagasta,CL,-23.65,-70.4,58.28,67,1,4.27,clear sky
94,Porto Velho,BR,-8.7619,-63.9039,93.25,21,0,9.22,clear sky
95,Hermanus,ZA,-34.4187,19.2345,57.79,90,3,10.0,clear sky
96,Luderitz,NA,-26.6481,15.1594,67.08,37,0,2.33,clear sky
97,Kapit,MY,2.0167,112.9333,73.42,95,80,1.43,broken clouds
98,Yuanping,CN,38.7153,112.7575,66.04,92,99,0.81,overcast clouds
99,Bredasdorp,ZA,-34.5322,20.0403,57.27,93,20,3.44,few clouds
100,Tamboril,DO,19.4854,-70.611,88.57,58,40,11.5,scattered clouds
101,Bubaque,GW,11.2833,-15.8333,79.27,82,98,18.72,overcast clouds
102,Pisco,PE,-13.7,-76.2167,65.01,77,0,10.36,clear sky
103,Ribeira Grande,PT,38.5167,-28.7,73.36,92,44,7.87,scattered clouds
104,Kendari,ID,-3.945,122.4989,72.91,92,12,3.33,few clouds
105,Olafsvik,IS,64.8945,-23.7142,53.31,81,100,4.18,overcast clouds
106,Thompson,CA,55.7435,-97.8558,77.16,47,20,5.75,smoke
107,Rajpipla,IN,21.8667,73.5,78.33,86,100,14.45,overcast clouds
108,Puerto Ayora,EC,-0.7393,-90.3518,78.76,82,72,11.95,broken clouds
109,Mogadishu,SO,2.0371,45.3438,76.06,84,80,17.9,broken clouds
110,Alushta,UA,44.6667,34.4167,78.82,68,0,3.67,clear sky
111,Vardo,NO,70.3705,31.1107,47.95,87,0,4.61,clear sky
112,Kuloy,RU,61.0305,42.4925,62.89,72,100,7.81,overcast clouds
113,Trairi,BR,-3.2778,-39.2689,78.91,69,8,9.08,clear sky
114,Port Augusta,AU,-32.5,137.7667,48.7,90,52,8.48,broken clouds
115,Kloulklubed,PW,7.0419,134.2556,84.02,76,74,13.73,broken clouds
116,Goderich,CA,43.7501,-81.7165,72.21,73,7,6.91,clear sky
117,Bilma,NE,18.6853,12.9164,97.09,12,5,10.2,clear sky
118,Port Hedland,AU,-20.3167,118.5667,51.85,30,16,8.05,few clouds
119,Kavieng,PG,-2.5744,150.7967,81.93,79,29,10.8,light rain
120,Nongan,CN,44.382,125.1685,64.81,98,100,13.35,overcast clouds
121,Saiha,IN,22.4833,92.9667,71.64,100,98,1.16,overcast clouds
122,Sandwick,GB,60.0,-1.25,51.62,82,75,4.61,broken clouds
123,San Juan De La Maguana,DO,18.8059,-71.2299,86.67,65,100,8.81,overcast clouds
124,Carnarvon,AU,-24.8667,113.6333,46.47,46,0,11.5,clear sky
125,Vao,NC,-22.6667,167.4833,66.43,67,0,6.8,clear sky
126,Dunedin,NZ,-45.8742,170.5036,45.81,70,100,17.0,overcast clouds
127,Semporna,MY,4.4818,118.6112,75.4,80,69,5.35,heavy intensity rain
128,Carinhanha,BR,-14.3047,-43.765,75.34,33,98,4.34,overcast clouds
129,Kyra,RU,49.5776,111.9753,54.3,90,58,3.04,broken clouds
130,Landerneau,FR,48.4525,-4.2525,59.76,85,75,6.91,broken clouds
131,Ampanihy,MG,-24.7,44.75,62.53,81,0,3.44,clear sky
132,Codrington,AU,-38.2667,141.9667,42.03,94,100,9.19,light rain
133,Mecca,SA,21.4267,39.8261,88.14,47,46,9.19,scattered clouds
134,Glenwood Springs,US,39.5505,-107.3248,84.88,76,90,1.99,overcast clouds
135,Kodiak,US,57.79,-152.4072,54.91,82,90,6.91,overcast clouds
136,Talnakh,RU,69.4865,88.3972,65.1,54,100,4.41,overcast clouds
137,Nikki,BJ,9.9401,3.2108,71.11,95,100,4.34,overcast clouds
138,Plettenberg Bay,ZA,-34.0527,23.3716,55.94,81,4,3.71,clear sky
139,Pemangkat,ID,1.1667,108.9667,78.6,87,75,7.81,broken clouds
140,Santa Cruz De Tenerife,ES,28.4682,-16.2546,75.72,87,75,1.01,light intensity drizzle
141,Kahului,US,20.8947,-156.47,85.26,65,40,23.02,scattered clouds
142,Embrach,CH,47.5056,8.5941,60.82,85,20,1.14,few clouds
143,Fereydun Kenar,IR,36.6864,52.5225,79.11,72,99,5.95,overcast clouds
144,Torbay,CA,47.6666,-52.7314,68.76,66,90,8.05,overcast clouds
145,Opotiki,NZ,-38.0833,177.2833,50.38,94,99,6.17,overcast clouds
146,Awjilah,LY,29.1081,21.2869,89.06,25,0,13.62,clear sky
147,Aleksandrov Gay,RU,50.147,48.5704,83.84,32,15,5.68,few clouds
148,Mount Gambier,AU,-37.8333,140.7667,42.71,100,75,9.22,broken clouds
149,Manokwari,ID,-0.8667,134.0833,78.37,78,95,2.53,overcast clouds
150,Goroka,PG,-6.0834,145.3873,61.16,96,96,0.18,overcast clouds
151,Richards Bay,ZA,-28.783,32.0377,64.31,83,93,3.94,light rain
152,Sloboda,RU,51.1421,40.3021,73.74,58,28,7.85,scattered clouds
153,Evensk,RU,61.95,159.2333,48.15,54,7,10.4,clear sky
154,Ordu,TR,40.9086,37.6845,63.1,91,10,4.65,clear sky
155,Luau,AO,-10.7073,22.2247,65.79,36,33,2.73,scattered clouds
156,Pevek,RU,69.7008,170.3133,34.09,83,100,21.97,overcast clouds
157,Ondangwa,NA,-17.9167,15.95,64.4,34,0,4.61,clear sky
158,Morondava,MG,-20.2833,44.2833,69.12,74,5,12.86,clear sky
159,Komatipoort,ZA,-25.4332,31.9548,65.05,90,0,4.61,clear sky
160,Hervey Bay,AU,-25.2986,152.8535,62.71,89,5,12.68,clear sky
161,Goundam,ML,16.4145,-3.6708,94.19,36,42,7.31,scattered clouds
162,Huilong,CN,31.8111,121.655,79.99,92,0,10.96,clear sky
163,Lorengau,PG,-2.0226,147.2712,81.46,80,18,8.19,few clouds
164,Paungde,MM,18.4833,95.5,75.9,97,100,5.77,overcast clouds
165,Coquimbo,CL,-29.9533,-71.3436,58.73,72,0,9.22,clear sky
166,Ambilobe,MG,-13.2,49.05,67.1,86,10,3.27,clear sky
167,Banga,PH,6.4239,124.7783,73.35,91,85,1.07,overcast clouds
168,Miri,MY,4.4148,114.0089,75.34,88,40,8.05,light rain
169,Hamilton,US,39.1834,-84.5333,80.1,50,40,1.99,scattered clouds
170,Qovlar,AZ,40.948,45.735,70.65,36,27,4.18,scattered clouds
171,Pathein,MM,16.7833,94.7333,77.25,93,100,8.75,overcast clouds
172,Saint-Augustin,CA,51.226,-58.6502,62.8,76,94,15.88,overcast clouds
173,Te Anau,NZ,-45.4167,167.7167,38.39,93,50,1.54,scattered clouds
174,Fernandina Beach,US,30.6697,-81.4626,87.26,82,40,5.99,scattered clouds
175,Salalah,OM,17.0151,54.0924,78.89,89,90,5.75,overcast clouds
176,Semnan,IR,35.5729,53.3971,79.84,39,99,9.17,overcast clouds
177,Yulara,AU,-25.2406,130.9889,35.44,69,0,6.91,clear sky
178,Margate,GB,51.3813,1.3862,62.04,73,100,1.01,overcast clouds
179,Yellowknife,CA,62.456,-114.3525,90.12,25,75,9.22,smoke
180,Saldanha,ZA,-33.0117,17.9442,55.45,74,0,6.15,clear sky
181,Grand Gaube,MU,-20.0064,57.6608,59.4,61,0,3.58,clear sky
182,Shelburne,CA,44.0787,-80.2041,74.75,31,50,10.25,scattered clouds
183,Itaituba,BR,-4.2761,-55.9836,80.76,89,40,5.75,scattered clouds
184,East London,ZA,-33.0153,27.9116,59.76,76,79,16.78,broken clouds
185,Labuhan,ID,-6.8844,112.2051,75.88,87,57,10.74,broken clouds
186,Conselheiro Pena,BR,-19.1722,-41.4722,68.14,62,66,3.58,broken clouds
187,Omsukchan,RU,62.5333,155.8,34.75,95,98,6.82,light rain
188,Kenai,US,60.5544,-151.2583,75.02,57,1,9.22,clear sky
189,Klaksvik,FO,62.2266,-6.589,50.92,86,100,12.06,overcast clouds
190,Paveh,IR,35.0434,46.3565,69.87,52,44,7.43,scattered clouds
191,Dehloran,IR,32.6941,47.2679,99.86,13,2,6.82,clear sky
192,Arlit,NE,18.7369,7.3853,93.11,29,100,10.36,overcast clouds
193,Segou,ML,13.4317,-6.2157,82.78,67,100,7.34,overcast clouds
194,Geraldton,AU,-28.7667,114.6,43.21,93,2,10.36,clear sky
195,Abu Samrah,SY,35.3029,37.1841,82.18,42,3,8.72,clear sky
196,Tasiilaq,GL,65.6145,-37.6368,46.56,83,100,2.8,overcast clouds
197,Alice Town,BS,25.7167,-79.3,85.05,71,100,7.74,overcast clouds
198,Santa Cruz,BO,-17.8,-63.1667,81.45,18,0,5.95,clear sky
199,Bayangol,RU,50.6977,103.4656,50.79,97,100,4.23,very heavy rain
200,Pafos,CY,34.7667,32.4167,82.31,47,0,8.05,clear sky
201,Severo-Kurilsk,RU,50.6789,156.125,50.7,79,96,21.54,overcast clouds
202,Harlingen,US,26.1906,-97.6961,98.33,57,40,9.22,scattered clouds
203,Siyabuswa,ZA,-25.1132,29.0445,55.15,39,0,6.64,clear sky
204,Nanortalik,GL,60.1432,-45.2371,45.95,88,95,1.95,light rain
205,Oliveira Dos Brejinhos,BR,-12.3169,-42.8961,75.09,44,71,10.85,broken clouds
206,Carutapera,BR,-1.195,-46.02,75.97,87,61,6.53,broken clouds
207,Arraial Do Cabo,BR,-22.9661,-42.0278,73.36,77,0,11.5,clear sky
208,Vygonichi,RU,53.0985,34.0673,62.46,95,41,7.43,scattered clouds
209,Airai,TL,-8.9266,125.4092,55.51,79,62,3.42,broken clouds
210,Berlevag,NO,70.8578,29.0864,48.15,76,0,0.0,clear sky
211,Cuenca,EC,-2.8833,-78.9833,55.53,88,90,4.61,light rain
212,Buhe,CN,30.2876,112.2298,78.37,93,0,6.76,light rain
213,Jiuquan,CN,39.7432,98.5174,66.99,23,24,7.27,few clouds
214,Andenes,NO,69.3143,16.1194,46.38,87,90,8.05,overcast clouds
215,Griffith,US,41.5284,-87.4237,77.49,51,75,1.01,broken clouds
216,Havre-Saint-Pierre,CA,50.2334,-63.5986,61.16,77,90,8.05,overcast clouds
217,Halifax,CA,44.6453,-63.5724,64.4,89,100,3.0,overcast clouds
218,Russell,US,32.3502,-85.1999,89.2,61,75,10.36,heavy intensity rain
219,Hithadhoo,MV,-0.6,73.0833,81.66,71,100,6.38,overcast clouds
220,Flinders,AU,-34.5833,150.8552,57.38,88,86,1.01,overcast clouds
221,Haines Junction,CA,60.7522,-137.5108,73.35,43,92,1.14,light rain
222,Benghazi,LY,32.1167,20.0667,84.43,62,0,15.55,clear sky
223,Tshikapa,CD,-6.4167,20.8,75.29,27,67,1.88,broken clouds
224,Morro Bay,US,35.3658,-120.8499,102.38,50,11,11.99,few clouds
225,Inuvik,CA,68.3499,-133.7218,64.44,67,75,10.36,broken clouds
226,Louga,RU,58.7372,29.8453,56.32,96,100,13.76,overcast clouds
227,Ancud,CL,-41.8697,-73.8203,56.43,97,100,4.05,overcast clouds
228,Korla,CN,41.7597,86.1469,78.1,22,100,1.86,overcast clouds
229,Gerash,IR,27.6652,54.1371,89.74,32,10,3.49,clear sky
230,Wanaka,NZ,-44.7,169.15,39.11,99,100,1.99,overcast clouds
231,Vysokaya Gora,RU,55.9128,49.3017,71.78,57,11,4.97,few clouds
232,Yablonovo,RU,50.8523,37.3574,75.06,86,57,5.19,broken clouds
233,Batagay-Alyta,RU,67.8006,130.4114,61.79,35,0,2.15,clear sky
234,Zyryanka,RU,65.75,150.85,46.45,56,59,6.58,broken clouds
235,Yar-Sale,RU,66.8333,70.8333,55.11,94,100,6.31,overcast clouds
236,Khasan,RU,42.4308,130.6434,74.8,95,100,11.9,light rain
237,Karema,TZ,-6.8205,30.4389,70.92,47,0,3.29,clear sky
238,Klyuchi,RU,52.2667,79.1667,68.58,68,100,2.28,overcast clouds
239,Roswell,US,34.0232,-84.3616,89.33,56,1,1.01,clear sky
240,Noumea,NC,-22.2763,166.4572,66.99,99,0,3.04,clear sky
241,Yining,CN,29.0361,114.5636,76.95,90,1,2.8,clear sky
242,Meulaboh,ID,4.1363,96.1285,74.93,85,87,4.99,overcast clouds
243,Taunggyi,MM,20.7833,97.0333,63.43,97,100,3.49,overcast clouds
244,Kaitangata,NZ,-46.2817,169.8464,46.92,64,100,9.64,overcast clouds
245,Praia,CV,14.9215,-23.5087,79.34,78,75,9.22,broken clouds
246,Srivardhan,IN,18.0333,73.0167,79.63,84,100,16.67,overcast clouds
247,Chapais,CA,49.7834,-74.8492,64.18,51,100,10.74,overcast clouds
248,Antalaha,MG,-14.9003,50.2788,65.93,90,5,5.86,clear sky
249,Matara,LK,5.9485,80.5353,77.95,88,100,12.35,overcast clouds
250,Osa,RU,57.2829,55.4567,63.45,94,79,4.27,broken clouds
251,Tutoia,BR,-2.7619,-42.2744,78.91,72,9,8.3,clear sky
252,Morehead,US,37.2711,-87.1764,81.1,51,40,4.61,scattered clouds
253,Payo,ID,-3.7508,103.6372,71.47,96,77,2.68,broken clouds
254,Vila Franca Do Campo,PT,37.7167,-25.4333,70.21,78,0,7.14,clear sky
255,Paamiut,GL,61.994,-49.6678,45.23,89,100,4.34,overcast clouds
256,Markova,UA,48.6758,24.4138,55.42,93,12,3.65,few clouds
257,Petropavlovsk-Kamchatskiy,RU,53.0452,158.6483,54.19,94,40,4.47,light rain
258,Vestmannaeyjar,IS,63.4427,-20.2734,52.79,93,75,6.91,broken clouds
259,Zhezkazgan,KZ,47.8043,67.7144,81.0,27,7,9.51,clear sky
260,Jardim,BR,-21.4803,-56.1381,76.78,37,5,2.57,clear sky
261,Zabid,YE,14.1951,43.3152,88.0,51,100,12.66,overcast clouds
262,Deputatskiy,RU,69.3,139.9,42.93,56,4,4.88,clear sky
263,Dajal,PK,29.5577,70.3762,98.69,37,27,11.74,scattered clouds
264,Lagoa,PT,39.05,-27.9833,72.34,90,3,5.23,clear sky
265,Yairipok,IN,24.6667,94.0667,68.79,99,87,1.32,overcast clouds
266,Yatou,CN,37.15,122.3833,71.2,92,6,2.71,clear sky
267,Koumra,TD,8.9126,17.5539,72.34,95,98,3.89,overcast clouds
268,Hami,CN,42.8,93.45,77.85,21,1,6.4,clear sky
269,Wuzhou,CN,23.4833,111.3167,78.17,94,100,0.65,moderate rain
270,Tura,IN,25.5198,90.2201,74.05,98,99,3.58,overcast clouds
271,Mar Del Plata,AR,-38.0023,-57.5575,56.08,59,0,4.0,clear sky
272,Ronneby,SE,56.21,15.276,57.7,94,75,3.44,broken clouds
273,Fortuna,US,40.5982,-124.1573,94.48,71,20,3.0,few clouds
274,Taoudenni,ML,22.6783,-3.9836,94.44,32,99,22.03,overcast clouds
275,Poshekhonye,RU,58.4993,39.1353,68.58,85,98,12.08,overcast clouds
276,Jalingo,NG,8.8833,11.3667,74.89,88,51,3.96,light rain
277,Faridpur,BD,23.6,89.8333,82.4,92,93,4.83,overcast clouds
278,Portland,US,45.5234,-122.6762,97.52,44,20,1.01,few clouds
279,Baruun-Urt,MN,46.6806,113.2792,61.9,52,93,4.5,moderate rain
280,Takoradi,GH,4.8845,-1.7554,77.22,83,45,8.01,scattered clouds
281,Lipari,IT,38.4674,14.954,82.94,69,25,6.55,scattered clouds
282,Severobaykalsk,RU,55.65,109.3167,54.46,85,100,2.33,overcast clouds
283,Palmer,US,42.1584,-72.3287,79.97,49,20,1.99,few clouds
284,Lasa,IT,46.6166,10.7002,60.71,91,51,3.11,broken clouds
285,Bonfim,BR,3.0833,-59.95,81.7,73,95,2.68,overcast clouds
286,Faya,SA,18.3851,42.4509,66.31,67,100,10.0,overcast clouds
287,Boa Vista,BR,2.8197,-60.6733,82.38,69,75,2.3,light rain
288,Ati,TD,13.2154,18.3353,83.57,63,67,7.58,broken clouds
289,Nyimba,ZM,-14.5566,30.8149,64.0,41,2,5.86,clear sky
290,Abalak,RU,58.1286,68.5944,61.52,74,99,4.81,overcast clouds
291,Maracacume,BR,-2.0428,-45.9592,78.78,73,95,3.27,overcast clouds
292,Adrar,MR,20.5022,-10.0711,97.95,27,3,8.57,clear sky
293,Vestmanna,FO,62.1564,-7.1664,49.12,87,90,5.75,overcast clouds
294,Coahuayana,MX,18.7333,-103.6833,92.68,61,99,7.29,overcast clouds
295,Dikson,RU,73.5069,80.5464,50.4,78,94,10.83,overcast clouds
296,Leshukonskoye,RU,64.8989,45.7622,54.75,96,42,3.8,scattered clouds
297,Manavgat,TR,36.7867,31.4431,89.51,33,0,10.63,clear sky
298,Waldkirch,DE,48.0959,7.9637,61.11,93,15,4.97,few clouds
299,Dzilam Gonzalez,MX,21.2833,-88.9333,89.62,57,17,12.1,few clouds
300,Khandyga,RU,62.6667,135.6,62.94,63,55,1.61,broken clouds
301,Lompoc,US,34.6391,-120.4579,95.02,65,1,14.97,clear sky
302,Batemans Bay,AU,-35.7167,150.1833,54.91,87,62,6.96,broken clouds
303,Boundiali,CI,9.5217,-6.4869,71.91,90,57,2.33,broken clouds
304,Zhaodong,CN,46.0833,125.9833,68.02,97,100,9.26,light rain
305,Broome,US,42.2506,-75.833,75.18,51,1,4.0,clear sky
306,Naron,ES,43.5167,-8.1528,65.25,89,8,6.46,clear sky
307,Alofi,NU,-19.0595,-169.9187,76.89,73,40,11.5,scattered clouds
308,Jalu,LY,29.0331,21.5482,90.07,22,0,13.18,clear sky
309,Acarau,BR,-2.8856,-40.12,79.25,69,7,10.25,clear sky
310,Pangkalanbuun,ID,-2.6833,111.6167,74.19,97,98,2.1,overcast clouds
311,Itupiranga,BR,-5.1347,-49.3267,88.12,39,22,2.17,few clouds
312,Boddam,GB,57.4667,-1.7833,53.98,79,92,5.06,overcast clouds
313,Banda Aceh,ID,5.5577,95.3222,79.21,78,95,13.2,overcast clouds
314,Bengkulu,ID,-3.8004,102.2655,75.13,89,50,3.56,scattered clouds
315,Nemuro,JP,43.3236,145.575,68.41,99,99,4.9,overcast clouds
316,Harper,LR,4.375,-7.7169,76.15,77,12,6.96,few clouds
317,Zhigansk,RU,66.7697,123.3711,60.12,59,18,9.4,few clouds
318,Pokoynoye,RU,44.8097,44.2517,78.06,53,1,3.89,clear sky
319,Puente Nacional,CO,5.8774,-73.6781,71.1,59,79,4.45,broken clouds
320,Tautira,PF,-17.7333,-149.15,82.42,75,100,15.64,overcast clouds
321,Broken Hill,AU,-31.95,141.4333,42.26,87,6,14.5,clear sky
322,Wiwili,NI,13.6268,-85.8254,81.34,60,77,9.95,light rain
323,Negombo,LK,7.2083,79.8358,78.85,86,100,12.93,overcast clouds
324,The Pas,CA,53.8251,-101.2541,86.02,48,90,7.02,haze
325,Prince Rupert,CA,54.3161,-130.3201,62.29,82,90,5.75,overcast clouds
326,Leh,IN,34.1667,77.5833,63.84,43,16,5.32,few clouds
327,Pasni,PK,25.2631,63.471,80.74,87,69,14.29,broken clouds
328,Tiquisio,CO,8.5597,-74.2669,87.85,64,99,3.2,overcast clouds
329,Bad Hersfeld,DE,50.8667,9.7,60.01,98,18,1.81,few clouds
330,Aklavik,CA,68.2191,-135.0107,64.4,77,90,6.91,shower rain
331,Blackwater,AU,-23.5833,148.8833,56.62,78,0,6.35,clear sky
332,Norman Wells,CA,65.282,-126.8329,82.44,39,1,5.75,smoke
333,Nybro,SE,56.7446,15.9071,60.04,76,77,6.67,broken clouds
334,Tahe,CN,52.3333,124.7333,56.57,95,98,3.06,overcast clouds
335,Mareeba,AU,-17.0,145.4333,63.32,98,13,2.19,few clouds
336,Palafrugell,ES,41.9174,3.1631,73.35,62,28,7.25,scattered clouds
337,Bonavista,CA,48.6499,-53.1147,69.8,67,100,14.76,overcast clouds
338,Marsh Harbour,BS,26.5412,-77.0636,83.86,73,100,10.09,moderate rain
339,Shingu,JP,33.7333,135.9833,79.92,81,100,3.76,heavy intensity rain
340,Caldwell,US,43.6629,-116.6874,93.67,44,1,8.05,clear sky
341,Innisfail,AU,-17.5333,146.0333,62.96,87,45,4.36,scattered clouds
342,Nizwa,OM,22.9333,57.5333,90.45,39,11,5.21,few clouds
343,Vanimo,PG,-2.6741,141.3028,77.86,88,98,5.46,overcast clouds
344,Kiama,AU,-34.6833,150.8667,57.58,85,76,11.97,broken clouds
345,Sira,IN,13.7453,76.9092,72.12,75,37,10.49,scattered clouds
346,Grindavik,IS,63.8424,-22.4338,53.91,87,75,10.36,broken clouds
347,Andra,RU,62.5147,65.8878,55.56,96,100,4.12,overcast clouds
348,Boysun,UZ,38.2061,67.1986,73.65,31,0,4.76,clear sky
349,Jijiang,CN,29.2906,106.2542,86.59,72,0,2.15,clear sky
350,Mumford,GH,5.2618,-0.759,76.42,90,100,7.52,overcast clouds
351,Camotan,GT,14.8167,-89.3667,89.56,58,87,6.96,overcast clouds
352,Tumaco,CO,1.7986,-78.8156,80.19,74,88,12.82,overcast clouds
353,Havoysund,NO,70.9963,24.6622,49.08,80,16,21.43,few clouds
354,Gat,IL,31.61,34.7642,85.41,47,0,4.76,clear sky
355,Itoman,JP,26.1247,127.6694,80.98,96,40,11.5,scattered clouds
356,Satipo,PE,-11.2522,-74.6386,79.63,50,61,0.89,broken clouds
357,Bara,NG,10.3744,10.7288,75.72,84,75,4.68,broken clouds
358,Saint-Philippe,RE,-21.3585,55.7679,66.22,68,15,1.92,few clouds
359,Shitanjing,CN,39.2342,106.3439,64.51,76,100,10.47,moderate rain
360,Puerto Narino,CO,-3.7703,-70.3831,89.55,40,29,3.91,scattered clouds
361,Buchen,DE,49.5239,9.3231,59.58,91,20,3.87,few clouds
362,Victoria,HK,22.2855,114.1577,84.38,90,100,1.01,moderate rain
363,Port Moresby,PG,-9.4431,147.1797,73.99,79,90,4.85,overcast clouds
364,Charters Towers,AU,-20.1,146.2667,55.6,91,5,6.93,clear sky
365,Nexo,DK,55.0607,15.1306,62.69,68,2,17.22,clear sky
366,Yangambi,CD,0.8102,24.4336,72.43,83,96,0.98,overcast clouds
367,Grajau,BR,-5.8194,-46.1386,85.98,24,5,4.18,clear sky
368,Saint-Francois,FR,46.4154,3.9054,61.68,84,0,1.14,clear sky
369,Buala,SB,-8.145,159.5921,78.84,84,55,6.64,light rain
370,Qaqortoq,GL,60.7167,-46.0333,54.1,92,92,7.2,overcast clouds
371,Lufilufi,WS,-13.8745,-171.5986,82.18,70,81,10.71,broken clouds
372,Playas,EC,-2.6333,-80.3833,73.71,78,19,18.14,few clouds
373,Avera,US,33.194,-82.5271,94.91,35,14,4.32,few clouds
374,Chuy,UY,-33.6971,-53.4616,51.37,93,25,6.06,scattered clouds
375,Kavaratti,IN,10.5669,72.642,82.15,74,90,14.54,overcast clouds
376,Rezh,RU,57.37,61.4043,61.14,94,100,7.0,overcast clouds
377,Chekhov,RU,55.1431,37.4711,70.09,91,100,13.69,overcast clouds
378,Moose Factory,CA,51.2585,-80.6094,73.4,64,75,9.22,broken clouds
379,Butaritari,KI,3.0707,172.7902,82.76,71,29,5.37,light rain
380,Emerald,AU,-23.5333,148.1667,57.34,78,7,8.19,clear sky
381,Port Hardy,CA,50.6996,-127.4199,64.58,68,75,5.75,broken clouds
382,Jilotepec,MX,19.6,-96.9333,71.8,76,45,5.68,scattered clouds
383,Zhumadian,CN,32.9794,114.0294,73.72,84,0,5.59,clear sky
384,Suntar,RU,62.1444,117.6319,56.68,91,38,1.97,scattered clouds
385,Camopi,GF,3.1655,-52.3158,78.93,74,91,2.33,overcast clouds
386,Sindor,RU,62.8629,51.8905,55.17,95,9,2.68,clear sky
387,Shu,KZ,43.5983,73.7614,74.23,27,51,4.9,broken clouds
388,Kuchinarai,TH,16.541,104.05,76.53,91,100,10.51,overcast clouds
389,Taltal,CL,-25.4,-70.4833,61.65,70,23,3.53,few clouds
390,Isla Mujeres,MX,21.2311,-86.731,89.65,69,87,9.95,overcast clouds
391,Tulsipur,NP,28.131,82.2973,72.07,97,78,3.83,broken clouds
392,Husavik,IS,66.0449,-17.3389,55.31,85,77,5.32,broken clouds
393,Neuquen,AR,-38.9516,-68.0591,66.09,34,0,6.91,clear sky
394,Cidreira,BR,-30.1811,-50.2056,55.02,81,0,5.93,clear sky
395,Balkanabat,TM,39.5108,54.3671,90.7,15,100,5.44,overcast clouds
396,Obihiro,JP,42.9172,143.2044,71.38,95,100,0.54,overcast clouds
397,Vernon,CA,50.2581,-119.2691,81.93,54,40,0.0,scattered clouds
398,Wanganui,NZ,-39.9333,175.05,49.73,95,100,3.0,overcast clouds
399,Saint-Pierre,RE,-21.3393,55.4781,66.29,59,0,5.75,clear sky
400,Tambura,SS,5.6,27.4667,71.35,81,83,0.81,broken clouds
401,Waspan,NI,14.7419,-83.9717,82.08,84,99,7.31,overcast clouds
402,La Orilla,MX,17.9833,-102.2333,86.61,70,18,9.69,few clouds
403,Sur,OM,22.5667,59.5289,87.04,61,66,12.88,broken clouds
404,Kungurtug,RU,50.5994,97.5228,44.08,96,100,1.03,overcast clouds
405,Toyooka,JP,35.5333,134.8333,77.56,90,69,3.62,broken clouds
406,Kyshtovka,RU,56.555,76.6271,59.05,96,89,6.69,overcast clouds
407,Malpe,IN,13.35,74.7167,76.3,86,85,9.57,overcast clouds
408,Jackson,US,42.4165,-122.8345,100.74,23,1,5.75,clear sky
409,Severodvinsk,RU,64.5635,39.8302,60.91,88,100,6.13,overcast clouds
410,College,US,64.8569,-147.8028,84.0,48,20,6.91,few clouds
411,Naze,JP,28.3667,129.4833,77.9,86,53,16.33,broken clouds
412,Sucre,BO,-19.0333,-65.2627,57.07,43,76,10.6,broken clouds
413,Grand-Santi,GF,4.25,-54.3833,75.96,91,89,3.06,overcast clouds
414,Sabla,NG,12.7525,4.7077,76.69,82,96,7.34,moderate rain
415,Katsuura,JP,35.1333,140.3,81.19,87,38,9.93,scattered clouds
416,Adre,TD,13.4667,22.2,77.0,77,93,7.65,overcast clouds
417,Sawakin,SD,19.1059,37.3321,95.14,44,91,24.65,overcast clouds
418,Rincon,US,32.296,-81.2354,91.85,71,75,13.8,broken clouds
419,Aranjuez,ES,40.0311,-3.6025,81.61,25,6,3.2,clear sky
420,Marzuq,YE,14.4,46.4667,82.69,53,97,3.44,overcast clouds
421,Kruisfontein,ZA,-34.0033,24.7314,49.89,94,0,5.86,clear sky
422,Alpinopolis,BR,-20.8636,-46.3881,69.73,43,80,3.87,broken clouds
423,Kulhudhuffushi,MV,6.6221,73.07,82.35,72,99,7.36,overcast clouds
424,Zlitan,LY,32.4674,14.5687,84.65,54,0,8.81,clear sky
425,Itarema,BR,-2.9248,-39.9167,78.93,69,6,10.36,clear sky
426,Les Cayes,HT,18.2,-73.75,83.86,72,79,8.52,broken clouds
427,Hindaun,IN,26.7167,77.0167,78.85,89,82,7.99,broken clouds
428,Sept-Iles,CA,50.2001,-66.3821,66.72,74,75,1.01,broken clouds
429,Vaasa,FI,63.096,21.6158,57.94,100,0,2.3,clear sky
430,Tondano,ID,1.3038,124.9112,68.09,91,94,2.35,overcast clouds
431,Ulagan,RU,50.6321,87.9563,51.39,77,2,1.66,clear sky
432,Victoria Point,AU,-27.5833,153.3,65.48,95,90,3.09,overcast clouds
433,Aswan,EG,24.0934,32.907,96.1,13,0,3.44,clear sky
434,Aljezur,PT,37.3191,-8.8033,63.03,93,5,9.44,clear sky
435,Ahipara,NZ,-35.1667,173.1667,54.01,82,2,27.27,clear sky
436,Padang,ID,-0.9492,100.3543,75.25,84,100,3.8,overcast clouds
437,Doctor Arroyo,MX,23.6667,-100.1833,82.67,28,3,3.74,clear sky
438,Rio Gallegos,AR,-51.6226,-69.2181,48.25,40,0,27.63,clear sky
439,Port-Gentil,GA,-0.7193,8.7815,75.16,83,20,4.61,few clouds
440,Labrea,BR,-7.2586,-64.7981,94.06,24,5,2.68,clear sky
441,Westport,US,41.1415,-73.3579,82.27,47,1,1.99,clear sky
442,Agucadoura,PT,41.4318,-8.7804,69.24,86,68,14.43,broken clouds
443,Coalinga,US,36.1397,-120.3602,99.77,9,2,2.39,clear sky
444,Nanchong,CN,30.7951,106.0847,81.21,75,0,1.57,light rain
445,Smithers,CA,54.7804,-127.1743,82.72,39,20,3.44,few clouds
446,Watsa,CD,3.0372,29.5355,61.65,97,64,2.57,broken clouds
447,Kushmurun,KZ,52.4503,64.6311,69.98,55,32,7.02,scattered clouds
448,Kerman,IR,30.2832,57.0788,75.06,17,0,0.0,clear sky
449,Dzaoudzi,YT,-12.7887,45.2699,73.29,83,0,4.61,clear sky
450,Erzin,TR,36.9559,36.2,83.12,79,0,1.25,clear sky
451,Caluquembe,AO,-13.7833,14.6833,61.02,34,0,7.65,clear sky
452,Wasco,US,35.5941,-119.341,99.14,21,1,0.0,clear sky
453,Kushima,JP,31.4583,131.2333,77.04,92,61,4.65,broken clouds
454,Touros,BR,-5.1989,-35.4608,76.1,78,31,17.4,scattered clouds
455,Shvartsevskiy,RU,54.0961,37.9917,63.28,93,100,9.78,light rain
456,Lata,PT,40.1629,-8.3327,68.04,85,18,3.49,few clouds
457,Mulchen,CL,-37.7167,-72.2333,58.86,53,100,9.55,overcast clouds
458,Whitefish,US,48.4111,-114.3376,79.41,80,20,14.97,smoke
459,Tiznit,MA,29.5833,-9.5,65.5,75,12,4.9,few clouds
460,Keetmanshoop,NA,-26.5833,18.1333,58.12,26,0,8.05,clear sky
461,Acajutla,SV,13.5928,-89.8275,100.74,68,100,7.63,overcast clouds
462,Atikokan,CA,48.7555,-91.6216,82.83,25,56,8.93,broken clouds
463,Sao Luiz Gonzaga,BR,-28.4083,-54.9608,55.0,58,0,6.04,clear sky
464,Mitsamiouli,KM,-11.3847,43.2844,76.39,70,0,1.74,clear sky
465,Yerbogachen,RU,61.2767,108.0108,61.59,69,100,2.42,overcast clouds
466,Lavrentiya,RU,65.5833,-171.0,44.56,99,100,8.23,moderate rain
467,Diego De Almagro,CL,-26.3667,-70.05,71.04,28,0,9.62,clear sky
468,Xining,CN,36.6167,101.7667,57.42,94,100,2.19,overcast clouds
469,Ketchikan,US,55.3422,-131.6461,64.87,59,90,13.8,overcast clouds
470,Kandla,IN,23.0333,70.2167,81.99,79,96,20.89,overcast clouds
471,Alta Floresta,BR,-9.8756,-56.0861,93.33,22,42,6.98,scattered clouds
472,Bilibino,RU,68.0546,166.4372,36.36,76,100,14.52,overcast clouds
473,Hassleholm,SE,56.1591,13.7664,62.13,87,5,4.54,clear sky
474,Kupang,ID,-10.1667,123.5833,75.78,88,20,5.75,few clouds
475,Bukachacha,RU,52.9833,116.9167,57.92,97,96,3.11,light rain
476,Kharan,PK,28.5833,65.4167,88.77,10,59,4.43,broken clouds
477,Zalantun,CN,48.0,122.7167,60.24,89,100,6.76,moderate rain
478,Lazaro Cardenas,MX,17.9583,-102.2,86.83,70,19,9.71,few clouds
479,Yumen,CN,40.2833,97.2,66.0,21,80,1.68,broken clouds
480,Vesele,UA,47.0148,34.915,76.15,55,36,7.4,scattered clouds
481,Sao Paulo De Olivenca,BR,-3.3783,-68.8725,89.47,41,18,3.44,few clouds
482,Nome,US,64.5011,-165.4064,58.15,88,90,18.41,light rain
483,Sarka Ghat,IN,31.7,76.7333,72.48,88,87,2.62,overcast clouds
484,Mayo,US,38.8876,-76.5119,83.8,58,20,1.99,few clouds
485,Ocampo,MX,21.65,-101.5,76.28,33,76,10.11,broken clouds
486,Paoua,CF,7.2427,16.4406,69.98,95,100,3.53,overcast clouds
487,Krasnoarmeysk,RU,51.0239,45.6969,70.07,45,2,6.29,clear sky
488,Sorland,NO,67.667,12.6934,46.47,72,100,11.25,overcast clouds
489,Trincomalee,LK,8.5711,81.2335,80.46,76,100,23.64,overcast clouds
490,Grants,US,35.1473,-107.8514,77.23,44,1,0.0,clear sky
491,Saint Anthony,US,45.0205,-93.218,85.33,36,90,6.91,overcast clouds
492,Show Low,US,34.2542,-110.0298,87.71,43,1,8.05,clear sky
493,Wajima,JP,37.4,136.9,81.64,81,94,2.46,overcast clouds
494,Russellville,US,35.2784,-93.1338,89.06,50,40,0.0,scattered clouds
495,Porto Novo,BJ,6.4965,2.6036,78.62,88,100,4.65,overcast clouds
496,Gomoh,IN,23.8667,86.1667,80.53,81,98,6.33,overcast clouds
497,Salym,RU,60.0625,71.4789,55.78,98,100,4.56,overcast clouds
498,Bayshore Gardens,US,27.4253,-82.5904,94.26,62,1,11.5,clear sky
499,Aksarka,RU,66.5606,67.7975,55.51,79,100,5.5,overcast clouds
500,Zhuhai,CN,22.2769,113.5678,84.11,89,40,10.36,light intensity shower rain
501,Puri,IN,19.8,85.85,84.38,75,100,8.34,overcast clouds
502,Laguna,US,38.421,-121.4238,99.43,22,1,4.0,clear sky
503,Rawson,AR,-43.3002,-65.1023,62.82,29,49,10.74,scattered clouds
504,Bulgan,MN,48.8125,103.5347,54.09,93,100,10.94,overcast clouds
505,Dao,PH,11.3937,122.6856,77.04,87,100,5.35,overcast clouds
506,La Ronge,CA,55.1001,-105.2842,86.25,25,75,1.14,smoke
507,Kiruna,SE,67.8557,20.2251,40.12,81,15,4.61,few clouds
508,Bonthe,SL,7.5264,-12.505,76.39,75,47,6.78,scattered clouds
509,Pecos,US,31.4229,-103.4932,81.82,73,75,5.75,broken clouds
510,Puro,PH,12.4841,123.3827,83.01,77,100,21.0,overcast clouds
511,Sangar,RU,63.9242,127.4739,64.22,43,0,4.97,clear sky
512,Wattens,AT,47.2722,11.5993,55.99,91,75,1.14,broken clouds
513,Spassk,RU,52.747,87.7545,56.23,89,18,3.36,few clouds
514,Viransehir,TR,37.2353,39.7631,90.54,21,33,3.27,scattered clouds
515,Dayong,CN,25.0209,118.2898,78.48,93,95,2.13,overcast clouds
516,Sistranda,NO,63.7256,8.834,51.91,68,28,5.06,scattered clouds
517,Souillac,MU,-20.5167,57.5167,59.38,88,20,8.05,few clouds
518,Dauphin,CA,51.1494,-100.0502,86.14,35,1,13.8,clear sky
519,Samoded,RU,63.6083,40.5111,58.08,86,100,4.16,overcast clouds
520,Namibe,AO,-15.1961,12.1522,69.49,82,85,1.83,overcast clouds
521,Yagodnoye,RU,62.55,149.6667,42.51,61,55,5.79,broken clouds
522,Bumba,CD,2.1833,22.4667,73.51,83,100,2.15,overcast clouds
523,Camocim,BR,-2.9022,-40.8411,78.73,70,22,8.01,few clouds
524,Champerico,GT,14.3,-91.9167,93.74,69,85,8.72,overcast clouds
525,Aleppo,SY,36.25,37.5,85.35,45,2,13.85,clear sky
526,Copiapo,CL,-27.3667,-70.3333,55.09,38,0,5.95,clear sky
527,Karratha,AU,-20.7377,116.8463,59.76,25,6,16.87,clear sky
528,Sayat,TM,38.7839,63.8803,78.67,13,0,10.4,clear sky
529,Radcliff,US,37.8404,-85.9491,82.98,40,75,1.99,broken clouds
530,Kieta,PG,-6.2167,155.6333,79.2,85,35,3.67,scattered clouds
531,Jacmel,HT,18.2342,-72.5347,91.24,70,62,6.15,broken clouds
532,Berezanka,UA,46.8526,31.388,76.71,81,92,5.53,overcast clouds
533,Srednekolymsk,RU,67.45,153.6833,45.28,58,89,9.84,overcast clouds
534,Garachine,PA,8.0647,-78.3628,81.32,78,100,7.25,overcast clouds
535,Kingaroy,AU,-26.5333,151.8333,61.03,94,90,5.75,overcast clouds
536,Hvide Sande,DK,56.0045,8.1294,59.2,74,100,15.48,overcast clouds
537,Jhargram,IN,22.45,86.9833,81.27,77,100,8.39,overcast clouds
538,San Patricio,US,28.017,-97.5169,97.52,35,23,7.16,few clouds
539,Khvalynsk,RU,52.4906,48.1058,77.41,48,73,1.92,broken clouds
540,Barcelos,PT,41.5388,-8.6151,70.29,84,39,5.48,scattered clouds
541,Newport,GB,51.5877,-2.9984,60.64,86,98,7.52,overcast clouds
542,Krasnyy Kommunar,RU,51.9644,55.3668,69.87,49,0,6.71,clear sky
543,Novyy Nekouz,RU,57.9029,38.07,68.32,87,98,12.41,moderate rain
544,Ciumeghiu,RO,46.7333,21.5833,67.91,59,2,5.1,clear sky
545,Chirongui,YT,-12.9319,45.1483,73.33,71,0,9.53,clear sky
546,Gorey,IE,52.6747,-6.2925,56.71,88,79,3.85,broken clouds
547,Yaring,TH,6.8662,101.3689,79.36,82,98,8.97,overcast clouds
548,Hue,VN,16.4667,107.6,87.91,58,40,1.14,scattered clouds
549,Cam Ranh,VN,11.9214,109.1591,84.16,65,40,10.36,scattered clouds
550,Opuwo,NA,-18.0607,13.84,63.46,31,0,3.09,clear sky
551,Cumpas,MX,29.9833,-109.7833,98.87,27,2,5.19,clear sky
552,Houma,US,29.5958,-90.7195,87.01,75,40,11.5,scattered clouds
553,Mapastepec,MX,15.4333,-92.9,87.8,69,95,5.14,overcast clouds
554,Sola,VU,-13.8833,167.55,75.87,65,75,5.75,broken clouds
555,Kaliningrad,RU,54.7065,20.511,59.05,77,16,14.14,few clouds
556,Medvedka,RU,61.1629,46.387,61.39,84,100,4.09,light rain
557,Piney Green,US,34.716,-77.3202,84.02,83,75,17.27,broken clouds
558,Acapulco,MX,16.8634,-99.8901,89.42,66,1,10.36,clear sky
559,Walvis Bay,NA,-22.9575,14.5053,66.09,55,0,6.91,clear sky
560,Afsin,TR,38.2477,36.914,71.11,43,0,4.56,clear sky
561,Bay Roberts,CA,47.5999,-53.2648,69.51,65,100,4.0,overcast clouds
562,Freeport,US,40.6576,-73.5832,83.21,45,1,1.99,clear sky
563,Mehamn,NO,71.0357,27.8492,48.11,86,27,1.63,scattered clouds
564,Launceston,AU,-41.45,147.1667,42.15,94,40,1.99,scattered clouds
565,Dakar,SN,14.6937,-17.4441,78.93,100,40,0.0,scattered clouds
566,Sao Sebastiao,BR,-23.76,-45.4097,63.19,89,48,0.25,scattered clouds
567,Pirna,DE,50.9584,13.937,61.16,89,19,4.52,few clouds
568,Spencer,US,43.1414,-95.1444,79.77,47,40,3.44,scattered clouds
569,Bosaso,SO,11.2842,49.1816,90.05,43,2,23.8,clear sky
570,Talara,PE,-4.5772,-81.2719,72.36,73,0,17.27,clear sky
571,Kosh-Agach,RU,50.0,88.6667,49.19,57,3,0.94,clear sky
572,Anadyr,RU,64.75,177.4833,41.5,93,90,24.0,light rain
573,Formosa Do Rio Preto,BR,-11.0483,-45.1931,77.2,32,26,5.01,scattered clouds
574,Alyangula,AU,-13.8483,136.4192,62.47,100,75,2.3,broken clouds
575,Gilgit,PK,35.9221,74.3087,78.37,57,98,2.33,overcast clouds
576,Stromness,GB,58.965,-3.296,50.25,71,15,4.83,few clouds
577,Yuancheng,CN,36.652,107.7896,71.26,52,92,16.02,overcast clouds
578,Ponoka,CA,52.6768,-113.5815,69.08,34,100,5.1,overcast clouds
579,Emirdag,TR,39.0197,31.15,72.19,30,0,4.12,clear sky
580,Lianzhou,CN,24.7811,112.3825,78.15,80,57,1.52,broken clouds
581,Worthington,US,40.0931,-83.018,80.15,47,75,1.01,broken clouds
582,Wenzhou,CN,27.9994,120.6668,78.03,96,83,4.63,light rain
583,Vila Velha,BR,-20.3297,-40.2925,73.96,78,0,1.14,clear sky
584,Port-Cartier,CA,50.0334,-66.8654,66.42,72,100,4.38,overcast clouds
585,Panzhihua,CN,26.5851,101.7128,69.46,76,35,1.86,scattered clouds
586,Bowen,AU,-20.0167,148.2333,62.73,85,8,6.4,clear sky
587,Mbuguni,TZ,-3.5667,36.95,63.82,69,51,4.38,broken clouds
588,Thanh Hoa,VN,19.8,105.7667,76.51,91,78,4.05,broken clouds
589,Vung Tau,VN,10.346,107.0843,80.89,81,100,17.31,overcast clouds
590,Altagracia De Orituco,VE,9.8601,-66.3814,75.96,87,72,5.59,broken clouds
591,Bathsheba,BB,13.2167,-59.5167,84.81,74,20,9.22,few clouds
592,Jacareacanga,BR,-6.2222,-57.7528,88.63,37,93,2.82,overcast clouds
593,Wawa,NG,9.9022,4.4192,72.63,92,100,4.83,overcast clouds
594,Tomakomai,JP,42.6369,141.6033,78.57,100,75,4.61,light intensity drizzle
595,Virginia Beach,US,36.8529,-75.978,84.04,57,75,10.36,broken clouds
596,Caravelas,BR,-17.7125,-39.2481,67.68,70,67,5.44,broken clouds
597,Ayagoz,KZ,47.9714,80.4392,70.14,38,25,6.6,scattered clouds
598,Tabas,IR,33.5959,56.9244,86.14,11,0,5.3,clear sky
599,Wilmington,US,34.2257,-77.9447,85.86,86,75,6.91,broken clouds
600,Rockland,US,41.1668,-74.0496,81.72,52,1,1.01,clear sky
601,Qeshm,IR,26.9581,56.2719,93.07,64,52,5.88,broken clouds
602,Tessalit,ML,20.1986,1.0114,92.16,29,46,2.21,scattered clouds
603,San Juan,AR,-31.5375,-68.5364,71.87,16,0,5.99,clear sky
604,Rudnichnyy,RU,59.617,52.4703,59.74,86,99,3.27,overcast clouds
605,Northam,GB,51.0333,-4.2167,59.67,91,34,7.83,scattered clouds
606,Fuxin,CN,42.0156,121.6589,64.87,94,21,3.6,light rain
607,Elizabeth City,US,36.2946,-76.2511,84.02,71,1,11.5,clear sky
608,Praia Da Vitoria,PT,38.7333,-27.0667,76.75,88,75,6.73,broken clouds
609,Shentala,RU,54.45,51.4833,73.04,38,63,4.0,broken clouds
610,Berbera,SO,10.4396,45.0143,87.62,50,19,19.91,light rain
611,Seydi,TM,39.4816,62.9137,84.47,13,0,12.35,clear sky
612,Los Llanos De Aridane,ES,28.6585,-17.9182,69.55,92,75,13.8,broken clouds
613,Olinda,BR,-8.0089,-34.8553,73.13,94,75,6.91,broken clouds
614,Altamira,BR,-3.2033,-52.2064,86.09,66,20,2.3,few clouds
615,Inirida,CO,3.8653,-67.9239,74.59,93,96,2.21,overcast clouds
616,Sahuaripa,MX,29.05,-109.2333,96.28,39,6,3.11,clear sky
617,Komsomolskiy,UZ,40.4272,71.7189,74.62,53,98,4.61,overcast clouds
618,Qinzhou,CN,21.95,108.6167,79.83,88,97,4.85,overcast clouds
619,Seymchan,RU,62.8833,152.4333,44.04,59,38,10.27,scattered clouds
620,Bolobo,CD,-2.1667,16.2333,78.78,42,81,1.41,broken clouds
621,Limon,CR,10.0,-83.0333,82.29,83,90,4.61,overcast clouds
622,Santa Rosalia,MX,27.3167,-112.2833,91.78,46,100,7.7,overcast clouds
623,Dubbo,AU,-32.25,148.6167,50.13,87,90,3.44,overcast clouds
624,Basco,PH,20.4487,121.9702,82.62,88,100,32.12,overcast clouds
625,Mantua,IT,45.1667,10.7833,70.75,84,58,1.01,broken clouds
626,Atambua,ID,-9.1061,124.8925,70.05,88,67,5.46,broken clouds
627,Novobelokatay,RU,55.7062,58.9549,63.01,78,54,5.32,broken clouds
628,Saint George,US,37.1041,-113.5841,102.79,22,1,4.0,clear sky
629,Yarkovo,RU,57.4028,67.0786,58.98,76,41,4.9,scattered clouds
630,Arman,RU,59.7,150.1667,50.52,56,0,10.2,clear sky
631,Gracac,HR,44.3006,15.8547,73.38,52,64,3.06,broken clouds
632,Port Shepstone,ZA,-30.7414,30.455,61.7,83,100,8.72,light rain
633,Ust-Maya,RU,60.4167,134.5333,58.69,71,100,8.5,overcast clouds
634,Helong,CN,42.5397,128.9972,70.41,98,99,1.28,overcast clouds
635,Kudahuvadhoo,MV,2.6708,72.8944,81.88,72,100,6.04,overcast clouds
636,Yabrud,SY,33.9674,36.6574,69.46,35,0,1.52,light rain
637,Waverly,US,42.7392,-84.6208,78.15,48,40,4.61,scattered clouds
638,Kidal,ML,18.4411,1.4078,91.2,38,85,7.02,overcast clouds
639,Beppu,JP,33.2736,131.4919,78.49,95,99,2.68,overcast clouds
640,Taonan,CN,45.3333,122.7833,63.27,96,100,7.52,light rain
641,Saint-Paul,RE,-21.0096,55.2707,66.74,73,1,3.47,clear sky
642,Nizhniy Odes,RU,63.6445,54.856,55.17,98,3,4.03,clear sky
643,Kirakira,SB,-10.4544,161.9205,75.97,78,98,9.42,overcast clouds
644,Road Town,VG,18.4167,-64.6167,86.04,70,40,8.05,scattered clouds
645,Rabo De Peixe,PT,37.8,-25.5833,69.31,73,20,9.22,few clouds
646,Tyrma,RU,50.0833,132.1667,67.91,98,98,2.33,overcast clouds
647,Savonlinna,FI,61.8699,28.88,60.85,88,90,3.44,shower rain
648,Usinsk,RU,65.9939,57.5281,54.75,88,94,6.15,overcast clouds
649,Anloga,GH,5.7947,0.8973,77.49,87,100,9.4,overcast clouds
650,Orlik,RU,52.5178,99.825,45.43,93,100,1.88,overcast clouds
651,Selikhino,RU,50.3672,137.4996,62.98,86,19,9.78,few clouds
652,Inta,RU,66.0317,60.1659,54.07,86,35,6.17,scattered clouds
653,Khorramshahr,IR,30.4397,48.1664,94.96,26,0,6.91,clear sky
654,Quatre Cocos,MU,-20.2078,57.7625,59.11,68,0,2.84,clear sky
655,Wenling,CN,28.3669,121.36,79.92,93,95,11.25,light rain
656,Uchaly,RU,54.2996,59.4521,61.29,71,74,3.29,broken clouds
657,Dukat,RU,62.55,155.55,33.01,91,100,5.59,overcast clouds
658,Muswellbrook,AU,-32.2667,150.9,51.33,93,95,10.56,overcast clouds
659,Sehithwa,BW,-20.4667,22.7167,58.66,29,0,6.96,clear sky
660,Bambanglipuro,ID,-7.95,110.2833,75.67,88,87,10.96,overcast clouds
661,Marawi,PH,7.9986,124.2928,68.65,88,97,6.35,light rain
662,Xuddur,SO,4.1213,43.8894,72.27,70,87,17.18,overcast clouds
663,Kailua,US,21.4022,-157.7394,84.18,58,40,14.97,scattered clouds
664,Marsabit,KE,2.3284,37.9899,68.45,45,82,19.57,broken clouds
665,Dryden,CA,49.7833,-92.7503,80.89,34,90,8.05,haze
666,Puruandiro,MX,20.0833,-101.5,76.14,51,57,1.41,broken clouds
667,Viedma,AR,-40.8135,-62.9967,64.74,25,68,11.43,broken clouds
668,Biltine,TD,14.5333,20.9167,80.94,69,87,8.19,overcast clouds
669,Tual,ID,-5.6667,132.75,81.21,74,95,18.37,overcast clouds
670,San Quintin,MX,30.4833,-115.95,79.11,56,2,14.54,clear sky
671,Livno,BA,43.8269,17.0078,72.1,41,99,1.36,overcast clouds
672,Tigzirt,DZ,36.8886,4.1198,74.71,77,83,13.0,broken clouds
673,Santa Maria,BR,-29.6842,-53.8069,49.3,87,20,3.44,few clouds
674,Puerto Maldonado,PE,-12.6,-69.1833,82.8,36,0,3.44,clear sky
675,Prainha,BR,-1.8,-53.48,83.5,59,64,3.44,broken clouds
676,Moussoro,TD,13.6408,16.4901,84.06,58,92,5.99,overcast clouds
677,Mezen,RU,65.8522,44.24,56.03,96,50,5.32,scattered clouds
678,Silifke,TR,36.3778,33.9344,86.65,42,0,8.84,clear sky
679,Buchanan,LR,5.8808,-10.0467,76.96,77,9,7.16,clear sky
680,Zabol,AF,32.25,67.25,72.03,16,0,5.19,clear sky
681,Cabatuan,PH,10.8794,122.486,78.42,86,100,8.63,overcast clouds
682,Bathurst,AU,-33.4166,149.5806,47.82,98,100,10.45,overcast clouds
683,Lodja,CD,-3.4833,23.4333,74.68,37,97,0.45,overcast clouds
684,Kisangani,CD,0.5167,25.2,70.75,83,63,2.13,broken clouds
685,Vanavara,RU,60.34,102.2797,60.24,80,100,0.89,overcast clouds
686,Jiangkou,CN,25.4872,119.1986,80.49,88,97,4.27,overcast clouds
687,Huarmey,PE,-10.0681,-78.1522,69.19,72,3,10.76,clear sky
688,Baijiantan,CN,45.6333,85.1833,79.63,16,0,3.24,clear sky
689,Yelniki,RU,54.6207,43.876,72.55,62,4,9.48,clear sky
690,Koupela,BF,12.1794,-0.3517,83.61,57,78,8.86,broken clouds
691,Athens,GR,37.9795,23.7162,94.37,36,0,1.01,clear sky
692,Mahajanga,MG,-15.7167,46.3167,71.62,83,20,3.44,few clouds
693,Dhanera,IN,24.5167,72.0167,80.1,81,100,13.04,overcast clouds
694,Torrelavega,ES,43.3494,-4.0479,67.8,87,49,1.99,scattered clouds
695,Yueyang,CN,29.3333,113.0919,79.32,92,2,8.01,clear sky
696,Zhashkiv,UA,49.2454,30.1102,63.81,81,20,6.06,few clouds
697,Namtsy,RU,62.7161,129.6658,60.91,67,97,3.2,overcast clouds
